기업명,경력,학력,핵심역량,스킬
현대자동차㈜,경력,학력무관,"계획성, 성실성, 꼼꼼함",
㈜아이엠뱅크,경력 직무에 따라 상이,학력무관,"성실성, 성취지향성, 계획성",
㈜세종교육,신입,학력무관 교육별 상이,,"Hadoop, JAVA, Python, Tensorflow, Tableau, ERP, MES, PLC"
GS리테일,경력 (3년이상),대졸이상,"계획성, 성취지향성, 꼼꼼함","API, AWS, GCP, kubernetes, Python, Go"
(주)우아한형제들,신입,학력무관,,"ASP, API, ASP"
휴먼교육센터,신입,학력무관,,
SK매직,경력 (4년이상),대졸이상,"계획성, 성취지향성, 꼼꼼함","Pytorch, Tensorflow, Linux, CAD, BSP, MCU, Micom, RTOS"
㈜하이미디어아카데미,신입,학력무관,"계획성, 성실성, 꼼꼼함",
라이나생명보험,경력 (1년이상),학력무관,"계획성, 성취지향성, 꼼꼼함",
스마트라이프텍㈜,신입,학력무관,,
㈜에이치비테크놀러지,경력 (5년이상),학력무관,,
기아㈜,경력 직무별 상이,대졸이상 (ICT본부 고졸 이상),"계획성, 성실성, 꼼꼼함",
티맵모빌리티㈜,경력 (10년이상),초대졸이상,,"AWS, Hadoop, JAVA, Javascript, Kafka, Kotlin, OpenGL, Scala, Swift, Spring Framework"
재단법인 서울특별시 50플러스재단,경력,학력무관,"계획성, 성실성, 꼼꼼함",
(주)한백전자,신입,학력무관,,
"㈜숲(SOOP CO., LTD.)",경력 (1년이상),학력무관,,"Ai, LLM"
메가존클라우드㈜,경력,학력무관,,"AWS, Azure, GCP, MySQL, NoSQL, SQL, Tensorflow, Linux"
카카오뱅크,경력,,,
"㈜숲(SOOP CO., LTD.)",경력 (10년이상),학력무관,,"JAVA, Python"
"㈜숲(SOOP CO., LTD.)",경력 (6년이상),학력무관,,Ai
㈜DYB최선어학원,신입,대졸이상 (졸업예정자 가능),,"JAVA, MySQL, Oracle, PHP, Python, Illustrator, Photoshop, 파이널컷, 프리미어, 영어"
스마트비전,신입,학력무관,"계획성, 성취지향성, 꼼꼼함","무선설비기사 자격, 운전면허, 전자기기기능사 자격, 정보기기운용기능사 자격, 정보보안기사 자격, 정보처리기능사 자격, 정보처리기사 자격, 정보처리산업기사 자격, 정보통신기사 자격, 토목기사 자격, 토목산업기사 자격"
㈜인포플라,경력,초대졸이상 (졸업예정자 가능),"창의성, 성장지향성, 성실성, 협동심","AWS, Git, GraphQL, Keras, MariaDB, MongoDB, Node"
㈜마음에이아이,경력,학력무관,,
㈜넥슨,경력,학력무관,,
에스디바이오센서㈜,경력,대졸이상,,
㈜윕스,신입,초대졸이상 (졸업예정자 가능),"계획성, 성실성, 꼼꼼함, 적응성, 창의성, 협동심","API, JAVA, Python"
㈜커넥트웨이브,경력,학력무관,"계획성, 성실성, 꼼꼼함","Docker, Hadoop, JAVA, Kafka, kubernetes, PostgreSQL, Python, Spark"
㈜멀티캠퍼스,경력 (5년이상),대졸이상,,
㈜더블다운인터액티브,경력 (3년이상),학력무관,,"MSSQL, Python, SQL"
베스핀글로벌㈜,경력 (3년이상),대졸이상,,
㈜넥슨,경력 (3년이상),학력무관,,
㈜천재교육,경력 (5년이상),학력무관,"협동심, 메타인지, 성취지향성","AWS, Python, Pytorch, Tensorflow, AWS EKS"
슈어소프트테크㈜,경력 (3년이상),대졸이상,,"C, C#, C++, HTML, iOS, JAVA, Javascript, Window, Linux, Cloud"
㈜비즈테크아이,경력 (2년이상),대졸이상,,"C#, C++, MSSQL, OpenCV, Oracle, Pytorch, CIM, RTD, mcs"
㈜큐엠씨,경력 (3년이상),초대졸이상,,"C, C#, C++, Visual Studio, VIsualC·C++, C++Builder"
㈜인콘,경력 (7년이상),학력무관,,
SK C&C,경력,,,
㈜아이유노글로벌,경력,학력무관,,"Python, Pytorch, RestAPI, Tensorflow, Restful API"
㈜에프앤가이드,경력 (8년이상),대졸이상,,Python
카카오뱅크,경력,,,
로지스올그룹,신입,대졸이상,"성실성, 꼼꼼함, 협동심","Android, C#, Flutter, iOS, JAVA, Javascript, JSP, NoSQL, Oracle, Python, React, Spring, Vue"
현대건설,경력 (3년이상),대학원(석사)이상,"계획성, 성실성, 꼼꼼함",
베스핀글로벌㈜,경력 (4년이상),대졸이상,,
㈜케이디엑스한국데이터거래소,경력 (1년이상),대졸이상 (졸업예정자 가능),"성실성, 성취지향성, 꼼꼼함, 스트레스관리, 성장지향성, 계획성, 윤리의식, 자존감, 적응성, 창의성, 협동심",Python
㈜비아이매트릭스,경력 (3년이상),대졸이상,,
㈜비아이매트릭스,경력 (3년이상),대졸이상,,
㈜비즈테크아이,경력 (3년이상),대졸이상,,"JAVA, Python, React, OCR, NLP, LLM, RAG"
티유브이 라인란드 코리아㈜,경력 (4년이상),학력무관,,
㈜트윔,신입,학력무관,,"C, C#, C++, OpenCV"
㈜앤씨앤,신입,학력무관,"계획성, 성취지향성, 꼼꼼함","C, C++, Docker, Git, OpenGL, Python, Pytorch, Qt, Tensorflow, Verilog, Linux, Excel, OrCAD, 영어회화, DSP, MCU, Microsoft Office, PADs, UVM, WebSocket"
㈜헥토이노베이션,경력,학력무관,"성취지향성, 꼼꼼함, 메타인지, 성실성, 창의성",주요
㈜아이유노글로벌,경력,학력무관,,
㈜웅진,경력 (4년이상),학력무관,"계획성, 성실성, 꼼꼼함","API, Azure, JAVA, Node"
코아텍㈜,경력 (5년이상),대졸이상,,
㈜웅진,경력 (5년이상),학력무관,,"JAVA, JSP"
㈜이글루코퍼레이션,경력 (3년이상),초대졸이상,,"Docker, JAVA, Kafka, kubernetes, MySQL, Python, Pytorch, Tensorflow, Spring Framework, RDB"
㈜넥슨,경력,학력무관,,
㈜마음에이아이,경력,학력무관,,
㈜마음에이아이,신입,학력무관,,
백금티앤에이,신입,대졸이상,,"C, C++, Python"
㈜제노레이,신입,대졸이상,,
디아이티㈜,경력,초대졸이상,,"C, C#, C++, MFC, VIsualC·C++"
메가존클라우드㈜,경력,학력무관,,"C, C++, JAVA, Javascript, Python, Pytorch, Swift, DL, 임베디드 소프트웨어, 임베디드 하드웨어"
현대오토에버㈜,경력,학력무관,,
㈜천재교과서,경력 (2년이상),대졸이상,,
㈜플래티어,경력,대학원(석사)이상 (졸업예정자 가능),,
현대오토에버㈜,경력 (3년이상),학력무관,,
현대오토에버㈜,경력 (3년이상),학력무관,,
현대오토에버㈜,경력 (3년이상),학력무관,,
현대오토에버㈜,경력 (3년이상),학력무관,,
현대오토에버㈜,경력 (5년이상),학력무관,,
더치트주식회사,경력,대졸이상,,
현대오토에버㈜,경력,학력무관,,"C, C++, MSSQL, SAP, DBMS, 컨설팅, SW, 솔루션"
㈜미디어엑셀코리아,경력,대졸이상,,"C, C++, Git, Python, Pytorch, Linux, CUDA, Scikit-Learn, FFmpeg"
㈜한화,경력,대졸이상,,
㈜한화,경력,대졸이상,,
엔에이치엔㈜,경력 (5년이상),학력무관,,
주식회사 위메이드,경력 (5년이상),학력무관,,
금호전기㈜,경력 (2년이상),초대졸이상,,
㈜엑스와이지,경력 (5년이상),대졸이상,,"Python, C/C++, COMPUTER VISION, Machine Learning, Image processing"
㈜마음에이아이,경력,학력무관,,
㈜컴투스,경력,학력무관,,
㈜컴투스,경력,대졸이상,,
엔에이치엔㈜,경력,대학원(석사)이상,,
중고나라,경력 (3년이상),대졸이상,"계획성, 꼼꼼함, 성실성","API, AWS, ElasticStack, Python, RDBMS, Spark, SQL"
㈜티맥스소프트,경력 (5년이상),대졸이상,,
한국생산기술연구원,경력,대졸이상 (졸업예정자 가능),"성실성, 윤리의식, 협동심, 성장지향성, 성취지향성, 계획성","C++, Git, Matlab, Python, Solidworks, 임베디드리눅스, AutoCAD, ROS, ROS2, Simulink"
원드롭,경력 (3년이상),고졸이상,,
㈜비바리퍼블리카,경력 (3년이상),학력무관,,"Python, SAS, SQL"
㈜이씨마이너,경력,대졸이상 (졸업예정자 가능),,"C, C++, JAVA"
㈜이씨마이너,신입,대졸이상 (졸업예정자 가능),,"C, C++, JAVA"
㈜이씨마이너,신입,대졸이상 (졸업예정자 가능),"성실성, 꼼꼼함, 협동심, 적응성, 창의성",
㈜넥슨,경력,학력무관,,
㈜넥슨,경력,학력무관,,
㈜넥슨,경력,학력무관,,
잡코리아(유),경력,대졸이상,,
㈜포비콘,경력 (3년이상),학력무관,,
제트서브,신입,대졸이상,"창의성, 협동심, 성장지향성, 성실성, 꼼꼼함, 자존감, 적응성","AWS, Django, Docker, Hadoop, MongoDB, PostgreSQL, Python, ELK"
㈜딥엑스,경력 (5년이상),대졸이상,,
㈜이음인터렉티브,신입,대졸이상,,"Django, Flutter, MongoDB, MySQL, Python, React, TypeScript, Jotai, Langchain"
스카이랩스,신입,대학원(석사)이상,,
루미르㈜,경력 (3년이상),대졸이상,"성실성, 성취지향성, 협동심, 성장지향성, 적응성","Python, Pytorch, Tensorflow, Scikit-Learn"
㈜엑스코어시스템,경력 (3년이상),학력무관,,"JAVA, Unix, Window, Linux, 클라우드, 정보보안, 인프라, 보안컨설팅, 데이터, it개발"
㈜씨지인사이드,경력 (3년이상),대졸이상,"꼼꼼함, 협동심, 계획성","API, AWS, GCP, PostgreSQL, Python, RestAPI, Vuex, Opensearch, Langchain, Qdrant"
뉴로핏㈜,경력 (2년이상),대졸이상 (졸업예정자 가능),,"Python, Pytorch"
뉴로핏㈜,신입,대졸이상,,"Docker, Flask, kubernetes, Matlab, Python, Pytorch, R, Tensorflow"
엑소시스템즈,경력 (1년이상),학력무관,,"C++, Matlab, Python"
퓨렌스㈜,경력,대졸이상 (졸업예정자 가능),,"Pytorch, Tensorflow"
㈜에프에스솔루션,경력 (3년이상),대졸이상,,
㈜시노펙스,경력 (2년이상),대학원(석사)이상,,
㈜딥노이드,경력,대학원(석사)이상,,
㈜클라이원트,경력,대졸이상,,"Python, NLP, LLM, RAG"
㈜아이엠에스나노텍,신입,대졸이상 (졸업예정자 가능),,"C++, VisualBasic, VIsualC·C++"
마크클라우드,신입,대졸이상,,Python
㈜아이알에스소프트코리아,경력,학력무관,,"JAVA, Keras, MariaDB, Pytorch, Tensorflow, 전자정부표준프레임워크"
라이트비전㈜,경력 (2년이상),대졸이상,,"C, C++, Python"
㈜엘로이랩,신입,학력무관,"꼼꼼함, 성장지향성, 성실성, 성취지향성",
㈜엘로이랩,신입,대학원(석사)이상,"꼼꼼함, 성장지향성, 성실성, 성취지향성",
씨이랩,경력,대졸이상,,
㈜퍼브,경력 (5년이상),초대졸이상,,"Git, Matlab, Pandas, Python, Pytorch, Scipy, Tensorflow, DL, Matplotlib, Numpy"
시큐어포인트,경력 (3년이상),대졸이상,,
휴먼교육센터,경력 (3년이상),대졸이상,,
텔레픽스,경력 (2년이상),대졸이상,,
메타빌드㈜,경력,대졸이상,,
데이터랩㈜,경력 (2년이상),대졸이상,"계획성, 창의성, 성장지향성, 협동심, 적응성",
㈜한국정보기술단,경력 (3년이상),대졸이상,,"MSSQL, MySQL, Python, R, SQL"
롯데이노베이트㈜,경력 (3년이상),대졸이상,,"JAVA, Javascript, Python, Spring, SQL"
투아이시스㈜,경력 (3년이상),학력무관,"성실성, 성취지향성, 창의성, 협동심, 성장지향성, 계획성, 메타인지, 꼼꼼함, 스트레스관리, 윤리의식, 자존감, 적응성","C#, C++, MariaDB, OpenCV, WPF, DBMS, MVVM, TCP/IP, HTTP, MQTT"
로이드케이,경력 (5년이상),대졸이상,"스트레스관리, 적응성, 성장지향성, 성실성, 꼼꼼함","JAVA, Kafka, Logstash, Python, SQL, Elasticsearch, Airflow, BigQuery, JSON, Kibana"
녹십자홀딩스,경력 (5년이상),대졸이상,,
씨와이오토텍(주),경력 (5년이상),초대졸이상,"창의성, 협동심, 계획성, 성실성, 성취지향성, 꼼꼼함",
㈜노르마,신입,대졸이상,,"Python, Pytorch"
굿어스데이터㈜,경력 (1년이상),초대졸이상 (졸업예정자 가능),,"Window, Linux, TCP/IP, VLAN"
굿어스데이터㈜,신입,초대졸이상 (졸업예정자 가능),,"Hadoop, Oracle, Spark, Tensorflow, Window, Linux"
㈜포체인스,경력,대졸이상 (졸업예정자 가능),,"Python, Tensorflow, CNN"
㈜아라종합기술,경력,대졸이상 (졸업예정자 가능),"성실성, 윤리의식, 창의성","OpenCV, Python, Pytorch, R, Tensorflow"
이투스에듀㈜,경력 (3년이상),대졸이상,,"AWS, CSS, Django, Flask, HTML, Javascript, Python"
㈜엘엑스세미콘,경력 (1년이상) 직무 별 상이,대졸이상,,"C, Matlab, Perl, Python, Verilog, System Verilog, 영어, 일본어, 중국어, Cadence, Microsoft Office, OPIc, TOEIC, TOEIC Speaking, UVM, 임베디드 소프트웨어"
애니모션텍㈜,경력 (7년이상),대졸이상,,"C, C#, C++, MFC, OpenCV, 머신러닝, 딥러닝, 이미지 프로세싱"
㈜에스엔디에이,신입,초대졸이상,,"C#, Directx, WPF, Halcon, Euresys"
㈜에스엔디에이,경력 (2년이상),초대졸이상,,"C#, Directx, WPF, Halcon, Euresys"
㈜ 데이터메이커,경력 (3년이상),학력무관,,"Git, Python, Pytorch, Tensorflow, Unix, Linux"
㈜브랜드콘텐츠,경력,학력무관,,
㈜비글즈,경력 (5년이상),학력무관,,Python
㈜인피닉,신입,대졸이상 (졸업예정자 가능),"성실성, 창의성, 협동심","Keras, Python, Pytorch, Tensorflow"
㈜휴런,경력 (1년이상),대졸이상,,"Docker, Python, Pytorch, CNN, DL, GitHub, GitLab"
㈜에이아이포블록체인(AI4 Blo,경력 (3년이상),대학원(석사)이상,,
㈜바이오에이아이,경력 (5년이상),대졸이상,,"Python, RDBMS, SQL, ERP, DBMS, NLP"
㈜카이미,경력 (2년이상),대졸이상,,"C++, OpenCV, Python, Tensorflow, PyQt"
㈜파이디지털헬스케어,경력 (2년이상),대졸이상 (졸업예정자 가능),,SQL
㈜카카오헬스케어,경력 (3년이상),학력무관,,
㈜스트라드비젼,경력 (3년이상),학력무관,,"C, C++"
㈜스트라드비젼,경력 (5년이상),대졸이상,,"C, C++"
㈜탐시스텍,경력 (3년이상),대졸이상,,
㈜케이에스씨앤씨(KSC&C Inc.),신입,대졸이상 (졸업예정자 가능),,
㈜메이머스트,경력,대졸이상,"성실성, 성장지향성, 성취지향성","Docker, kubernetes, Python, Linux, DL, Ai, ml, LLM, RAG"
㈜이오그라운드,경력 (1년이상),초대졸이상 (졸업예정자 가능),"협동심, 성장지향성, 성실성","Pandas, Python, Pytorch, Airflow, Langchain"
㈜에스씨에스,신입,학력무관,,
딥파인,경력 (3년이상),대졸이상,,"3D, COMPUTER VISION, VSLAM"
다큐브㈜,경력 (5년이상),학력무관,,
다큐브㈜,경력 (5년이상),학력무관,,"NLU, NLP, LLM, NLG"
㈜옵트에이아이,경력 (1년이상),대학원(석사)이상,,"C, C++, Git, Python, Pytorch, Tensorflow, DL, ml"
㈜옵트에이아이,경력 (1년이상),대학원(석사)이상,,"C, C++, Git, Python, Pytorch, Tensorflow, DL, ml"
㈜옵트에이아이,경력 (1년이상),대학원(석사)이상,,"C, C++, Git, Python, ml, Embedded"
㈜옵트에이아이,경력 (1년이상),대학원(석사)이상,,"C, C++, Git, Python, ml, Embedded"
㈜옵트에이아이,경력 (1년이상),대학원(석사)이상,,"LLM, SLLM"
㈜옵트에이아이,경력 (1년이상),대학원(석사)이상,,"LLM, SLLM"
위드로봇㈜,경력 (3년이상),대졸이상,,"C++, Python, Tensorflow, Ubuntu, 영상처리, 딥러닝, 임베디드"
㈜옵트에이아이,경력 (1년이상),대학원(석사)이상,,"C, C++, Git, Python, Ai, ml"
㈜옵트에이아이,경력 (1년이상),대학원(석사)이상,,"C, C++, Git, Python, Ai, ml"
위드로봇㈜,경력 (3년이상),대졸이상,,"C++, Python, Tensorflow, Ubuntu, 영상처리, 딥러닝, 임베디드, RDB, 웹 프론트"
㈜바이오에이아이,경력 (5년이상),대졸이상,,"Python, RDBMS, SQL, ERP, DBMS, NLP"
씨이랩,경력 (3년이상),대졸이상,,
플레이워크,신입,학력무관,,"AWS, Django, Git, Hadoop, MariaDB, MySQL, NoSQL, Python, Spark, Linux"
㈜빅링크,신입,학력무관,,"API, CSS3, Git, HTML5, Javascript, Vue"
㈜빅링크,신입,학력무관,,"AWS, JAVA, JPA, MariaDB, MyBatis, MySQL, Spring Boot, Linux, Restful API, ChatGPT"
㈜빅링크,신입,학력무관,,"API, C++, Django, MariaDB, MySQL, NoSQL, Python, bigdata, ChatGPT"
㈜빅링크,경력 (3년이상),학력무관,,"CSS3, HTML5, Adobe XD, Figma, Illustrator, Photoshop, UI, UX, D3"
주식회사 메이크봇,신입,초대졸이상 (졸업예정자 가능),,
㈜엠와이씨,경력,학력무관,,
메타빌드㈜,신입,학력무관,,
㈜벡터시스,신입,초대졸이상 (졸업예정자 가능),"계획성, 성실성, 꼼꼼함, 창의성, 성장지향성, 스트레스관리, 윤리의식, 성취지향성","Python, C/C++"
㈜비전스페이스,경력,학력무관,"계획성, 성실성, 창의성, 협동심, 메타인지, 성장지향성, 성취지향성, 꼼꼼함, 스트레스관리","C++, Python, Pytorch, Tensorflow, ROS, SLAM, SVM, 자율주행, RMS"
라온피플㈜,경력,학력무관,,"C++, Python, Pytorch, Tensorflow, 영상처리"
비솔,경력 (5년이상),학력무관,,"AWS, Pytorch, Tensorflow"
키네마스터 주식회사,신입,학력무관,,"C, C++, Python"
㈜두원전자통신,경력 (6년이상),대졸이상,,
㈜더존비즈온,경력,학력무관,,"Hadoop, Spark, SQL, Linux"
㈜위존 강남사업장,경력 (3년이상),학력무관,,"Pytorch, Tensorflow"
㈜위존 강남사업장,경력 (3년이상),학력무관,,"Python, Pytorch, Spark, Tensorflow"
㈜엘로이랩,경력,대학원(석사)이상,"꼼꼼함, 성장지향성, 성실성, 성취지향성",
㈜제이제이앤컴퍼니스,경력 (3년이상),초대졸이상,,"JAVA, kubernetes, OpenCV, Python, Pytorch, RDBMS, Vision"
㈜한국정보공작소,경력 (7년이상),대졸이상 (졸업예정자 가능),"성실성, 창의성, 협동심, 꼼꼼함","JAVA, MySQL, PHP, Python, SQL"
페이크아이즈,경력,대학원(석사)이상 (졸업예정자 가능),"성취지향성, 성장지향성, 계획성, 성실성, 꼼꼼함, 창의성, 협동심","OpenCV, Python, Pytorch, Matplotlib, Seaborn, plotly"
㈜티맥스메타에이아이,경력,대졸이상 (졸업예정자 가능),,
㈜앤에이치씨,신입,초대졸이상,"성취지향성, 계획성, 적응성, 성장지향성, 창의성, 협동심, 성실성, 꼼꼼함, 스트레스관리, 윤리의식","C#, C++"
애니모션텍㈜,경력 (5년이상),대졸이상,,"C, C#, C++, MFC, OpenCV, 머신러닝, 딥러닝, 이미지 프로세싱"
메이킷올,경력,대졸이상 (졸업예정자 가능),"창의성, 협동심, 성장지향성, 적응성","Arduino, Python, 라즈베리파이, PowerPoint, ESP32, 3D프린터, 인공지능"
이모션웨이브㈜,경력,대졸이상 (졸업예정자 가능),"성실성, 성취지향성, 성장지향성, 계획성, 꼼꼼함, 적응성","Jira, Python, Pytorch, Tensorflow, Excel, Notion, Ethereum, GPT, Diffusion, LLM"
팜피㈜,경력,학력무관,"성실성, 성장지향성, 꼼꼼함","Docker, MariaDB, MySQL, PostgreSQL, Ai, LLM, liama, Lamba"
팜피㈜,경력,학력무관,"성실성, 성장지향성, 꼼꼼함","Docker, MariaDB, MySQL, PostgreSQL, Ai, LLM, liama, Lamba"
제이피아이 헬스케어㈜,경력 (3년이상),대학원(석사)이상,,"C, C#, C++"
건설기계부품연구원,신입,대졸이상,,
㈜마젠타로보틱스,경력 (2년이상),대졸이상,,"Python, ROS"
㈜온품,경력 (2년이상),대졸이상,,
아이덴티파이㈜,경력 (2년이상),대졸이상,"성취지향성, 창의성, 협동심","Docker, Flask, kubernetes, Python, Pytorch, Tensorflow, CUDA, NLU, Fastapi"
브리드비인터내셔널,경력,학력무관,,
메디픽셀,경력 (3년이상),대졸이상,,
㈜핸디비전,신입,학력무관,,
㈜핸디비전,신입,대졸이상 (졸업예정자 가능),,"Python, Pytorch"
㈜그린텍아이엔씨,경력 (3년이상),학력무관,"성실성, 꼼꼼함, 적응성, 계획성, 스트레스관리",
대신경제연구소,신입,대졸이상,,
엔셀㈜,신입,대졸이상,,"Python, Tensorflow"
다중지능연구소,경력,학력무관,,
㈜투비웨이,신입,대졸이상,"성취지향성, 창의성, 성장지향성","Consulting, modeling, Palantir, o9, SAP IBP"
㈜크레셈,경력 (3년이상),학력무관,"성실성, 창의성, 협동심, 성취지향성, 적응성, 계획성","C#, WPF, VC++, Machine Vision"
㈜지란지교데이터,경력 (5년이상),대졸이상,"윤리의식, 창의성, 협동심, 적응성, 스트레스관리","C++, Git, Jira, Pytorch, Confluence, OCR, Github, GITLAB, Object Detection, NER"
㈜트윔,신입,대졸이상,,"C, C#, C++, JAVA, OpenCV, Python"
㈜트윔,신입,초대졸이상,,"C, C#, C++, JAVA, OpenCV, Python"
㈜트윔,경력 (3년이상),초대졸이상,,"C, C#, C++, JAVA, OpenCV, Python"
캐낸다,경력 (3년이상),초대졸이상,,"AWS, Git, JAVA, PostgreSQL, RestAPI, Spring Framework"
㈜인터전기,경력 (7년이상),대학원(석사)이상,"계획성, 성실성, 성취지향성, 꼼꼼함, 적응성, 창의성, 성장지향성","Android, API, C, C++, JAVA, Javascript, 임베디드리눅스, 임베디드 소프트웨어, 임베디드 하드웨어, Ai"
㈜쓰리아이,경력 (5년이상),대졸이상,,
㈜에이스웍스코리아,신입,대졸이상,,
올거나이즈코리아㈜,경력,학력무관,,"Python, SQL"
㈜바이브컴퍼니,경력 (5년이상),대졸이상 (졸업예정자 가능),,"API, JAVA, JSP, MySQL, Oracle, SQL"
㈜포커스블루,신입,초대졸이상 (졸업예정자 가능),"성실성, 적응성, 협동심, 꼼꼼함",
에스씨301의원,경력 (2년이상),초대졸이상,,"Python, Pytorch, Tensorflow, Linux, Ai, 머신러닝, ChatGPT, 챗봇, 솔루션 개발, 프레임워크"
㈜단솔플러스,경력,초대졸이상,"계획성, 성실성, 꼼꼼함, 스트레스관리, 적응성, 창의성","C#, Javascript, VB"
㈜에이아이노미스,경력 (3년이상),학력무관,,
㈜헤카톤에이아이,경력 (2년이상),대졸이상,"성취지향성, 꼼꼼함, 메타인지, 성실성, 적응성","Hadoop, JAVA, Pandas, Python, Pytorch, Spark, SQL, Tensorflow, DL, Matplotlib"
에너자이,경력,학력무관,,"C, C++, Pytorch, Scala, Tensorflow, F#, haskell, Optimizing ML, vision algorithm on DSP, vision algorithm on NPU"
㈜펨트론,신입,초대졸이상 (졸업예정자 가능),,
㈜덴컴,경력,대졸이상,"성실성, 꼼꼼함, 성장지향성, 계획성, 적응성, 협동심","C, C++, Python"
㈜길온,신입,대학원(석사)이상 (졸업예정자 가능),"성실성, 협동심, 성장지향성, 적응성","Android, C, C++, Python"
㈜화이트스캔,경력 (3년이상),대졸이상,,Python
㈜티디지,경력 (2년이상),초대졸이상,,"Azure, React, VDI, Teams, Powershell, Exchange, microsoft 365, openAI, POWER PLATFORM, Microsoft Defender"
섬재㈜,경력,학력무관,,
딥브레인 AI,경력,대학원(석사)이상,,"OpenCV, FFmpeg"
㈜스카이오토넷,신입,대학원(석사)이상,,"C, Python, Linux"
에스씨301의원,경력,초대졸이상,,
㈜마인드에이아이,신입,대졸이상,,
㈜마인드에이아이,경력 (3년이상),대학원(석사)이상,,
㈜마인드에이아이,경력 (4년이상),대졸이상,,
㈜마인드에이아이,경력 (3년이상),대졸이상,,
㈜마인드에이아이,경력 (3년이상),대학원(석사)이상 (졸업예정자 가능),,
㈜다민로봇,경력 (3년이상),대졸이상,"성실성, 꼼꼼함, 협동심, 성장지향성, 계획성",
에스디티 주식회사,경력 (3년이상),초대졸이상,,
휴먼교육센터,경력 (3년이상),대졸이상,,
㈜네피리티,신입,학력무관,,Python
㈜루아컨설팅,신입,학력무관,"성실성, 적응성, 성장지향성, 꼼꼼함","Git, Javascript"
㈜에스아이시티,신입,초대졸이상,,"C#, HTML, JAVA, Python, VB"
㈜에스아이시티,경력 (5년이상),초대졸이상,,"C#, HTML, JAVA, Python, VB"
㈜슈파스,경력 (3년이상),대학원(석사)이상 (졸업예정자 가능),,"Pytorch, Tensorflow"
㈜더존비즈온,경력,학력무관,,"Hadoop, Spark, SQL, Linux"
더조은컴퓨터학원,경력,학력무관,,"Kafka, Keras, Python, Pytorch, Scipy, SQL, Tensorflow"
충북대학교병원,경력,학력무관,,"Python, 파이썬"
서울대학교병원,경력,대졸이상,,"Python, Pytorch, R, Tensorflow, Bash, 데이터분석, Coding, 딥러닝, biomedical background, 영상데이터"
㈜알에스엔,신입,대졸이상,,"Git, Python, Pytorch, NLU, NLP"
㈜알에스엔,신입,학력무관,,
㈜인재컴퍼니,신입,학력무관,,
㈜굿인텔리전스,신입,대졸이상 (졸업예정자 가능),,"AWS, C, C++, Python, Pytorch, Shell Script, Linux, CUDA"
㈜포텍,경력 (2년이상),대졸이상,,"C, C#, C++, Qt"
㈜휴비스,경력 (3년이상),대졸이상,,"C, C++, HMI, MFC, VIsualC·C++, Window"
㈜링키지랩,신입,학력무관,,
㈜인스케이프,경력 (3년이상),학력무관,,
봄바람,경력,학력무관,"협동심, 성장지향성, 메타인지","API, AWS, CSS, Javascript, MSSQL"
㈜아이브릭스,경력 (8년이상),학력무관,,"ElasticStack, JAVA, Javascript, Spring, nodejs"
㈜미니레코드,경력,학력무관,"창의성, 성장지향성, 성실성, 협동심","AWS, Docker, Git, Python, Pytorch, RestAPI, Ubuntu, MachineLearning, Deeplearning, SSH"
㈜엘에이티,경력 (5년이상),학력무관,,
㈜에스아이시티,경력 (5년이상),초대졸이상,,"C#, HTML, JAVA, Python, VB"
㈜뷰브레인헬스케어,신입,대졸이상,"계획성, 성실성, 협동심, 성장지향성, 꼼꼼함","Keras, Python, Pytorch, Tensorflow, CNN, CT, CUDA, DL, EMR, MRI"
㈜알고그랩,경력 (5년이상),대졸이상,,"JAVA, Jquery, Python, Spring, Tensorflow, Vue"
(주)퀀타매트릭스,경력 (3년이상),대졸이상,,"C, C++, Python, Pytorch, R, Numpy"
플릭던,신입,대졸이상 (졸업예정자 가능),"계획성, 성실성, 협동심, 성장지향성, 성취지향성, 꼼꼼함","Azure, Keras, Python, Pytorch, React, Tensorflow, ETL, OCR, RPA, Langchain"
㈜디피,경력 (3년이상),대졸이상,,"JAVA, Javascript, JSP, Node"
㈜시선아이티,경력 (3년이상),대졸이상,"적응성, 협동심, 메타인지, 성실성","Python, Pytorch, SQL, Tensorflow, ETL, Nifi, Scikit-Learn"
(주)퀀타매트릭스,경력 (3년이상),대졸이상,,"C, C++, Python, CNN, 데이터사이언스, RNN"
㈜아이핌,신입,대졸이상,,
㈜미니레코드,경력,학력무관,,"C++, Docker, Python, Pytorch, Linux, GitHub, NLP, REST"
한화시스템,경력,학력무관,,"GraphQL, TypeScript, Vue"
㈜온택트헬스,경력 (5년이상),대학원(석사)이상,,"AWS, C++"
블루닷㈜,경력 (6년이상),대졸이상,,"C, C++"
블루닷㈜,경력 (6년이상),대졸이상,,"Pytorch, Tensorflow"
블루닷㈜,신입,대졸이상,,"Pytorch, Tensorflow"
블루닷㈜,신입,대졸이상,,"C, C++"
씨앤에프시스템㈜,경력 (2년이상),초대졸이상,,"Oracle, Python"
온오프코리아㈜,경력,대졸이상,,"Keras, NoSQL, Python, Pytorch"
㈜원익로보틱스,경력,초대졸이상,,
㈜에이아이네이션,경력 (3년이상),학력무관,,"Python, Pytorch, SQL, Tensorflow"
㈜엘로이랩,신입,학력무관,"꼼꼼함, 성장지향성, 성실성, 성취지향성",
㈜그라비티,경력 (2년이상),학력무관,,
㈜와따에이아이,경력 (3년이상),대졸이상,,"C#, C++, OpenCV, Python, Rust, Segment"
(주)글로벌아카데미,경력 (5년이상),대졸이상,,"API, HTML, JAVA, MySQL, Python, RpA, 인공지능, 머신러닝"
로민,경력 (5년이상),대졸이상,,"AWS, Docker, kubernetes, PostgreSQL, Python, Redis, GitHub, Fastapi, S3"
로민,경력 (2년이상),대졸이상,,"OpenCV, Python, Pytorch, Tensorflow, HuggingFace, triton"
㈜티라유텍,경력 (3년이상),대졸이상,,"Keras, Python, Pytorch, Tensorflow"
㈜덴컴,경력,대졸이상,"계획성, 꼼꼼함, 성장지향성, 윤리의식, 성실성, 성취지향성","C, C++, Matlab, Python"
㈜덴컴,경력 (8년이상),대졸이상,"계획성, 성실성, 협동심, 성장지향성, 성취지향성, 꼼꼼함, 적응성","JAVA, Javascript, Node"
㈜덴컴,경력 (6년이상),대졸이상,"계획성, 적응성, 협동심, 성장지향성, 창의성, 성실성, 꼼꼼함","C, C++, Python, Tensorflow, TypeScript"
㈜덴컴,경력 (10년이상),대졸이상,"계획성, 협동심, 성장지향성, 성실성, 성취지향성, 꼼꼼함, 적응성, 창의성","JAVA, Javascript, Node"
㈜덴컴,경력 (8년이상),대졸이상,"계획성, 성실성, 협동심, 성장지향성, 성취지향성, 꼼꼼함, 적응성","JAVA, Javascript, Node"
㈜세이프모션,신입,대졸이상 (졸업예정자 가능),,Python
㈜세이프모션,신입,대졸이상 (졸업예정자 가능),,Python
㈜세이프모션,신입,대졸이상 (졸업예정자 가능),,Python
㈜엠비즈커뮤니케이션,경력,초대졸이상,,
㈜이엑서비션,경력 (2년이상),초대졸이상,"계획성, 성실성, 창의성, 협동심, 윤리의식","Keras, Pandas, Python, Pytorch, Scipy, Tensorflow"
㈜피트릭스,경력 (5년이상),대학원(석사)이상,"창의성, 협동심, 성장지향성, 성실성, 성취지향성, 스트레스관리","Azure, C++, Pytorch, Tensorflow, GitHub, TensorRT, onnx, OpenVINO"
㈜글로벌시스템스,경력,대졸이상,"성실성, 꼼꼼함, 적응성, 협동심, 스트레스관리, 계획성","OpenCV, Python, Pytorch, PyQt, GUI, JSON, 정보처리기사 자격"
㈜퍼블릭에이아이,경력,대졸이상,,"Python, devops, ml"
노마드코더,경력 (3년이상),학력무관,"성실성, 메타인지, 자존감","JAVA, Python, Pytorch, Shell Script"
매드업,경력 (3년이상),대졸이상,,"Git, Google Analytics, Keras, Pytorch, Tensorflow, LLM, Generative AI, RAG, prompt engineering"
아이덴티파이㈜,경력 (2년이상),대졸이상,,"Azure, Django, Docker, Flask, kubernetes, Python, Pytorch, Tensorflow, Cloud, Fastapi"
㈜스타마타,경력,학력무관,,"C, Python, Linux, 딥러닝, 임베디드, 알고리즘"
제이씨에프테크놀러지,경력 (5년이상),대졸이상,,
휴씽크㈜,경력 (5년이상),대학원(석사)이상 (졸업예정자 가능),"계획성, 성취지향성, 창의성, 성장지향성, 협동심, 꼼꼼함, 적응성, 성실성","JAVA, OpenCV, Python, Pytorch, SQL, Tensorflow, CNN, 정보처리기사 자격, NLP, GPT"
㈜웨어러블에이아이,경력 (5년이상),대졸이상,,"Pytorch, 임베디드리눅스, CUDA, C/C++"
㈜하가,경력,대졸이상,,
㈜바이킹랩,경력,학력무관,"성실성, 창의성, 성장지향성, 계획성, 협동심, 성취지향성","Docker, Python, CNN, CUDA, GAN, GitHub"
㈜버블콘,경력,대졸이상,,"C++, JAVA, Python"
㈜케이엘큐브,경력 (3년이상),대졸이상,,
토르드라이브,경력 (3년이상),학력무관,,"C, C++, Python, Pytorch, Tensorflow, CUDA, LiDAR"
㈜에이아이네이션,신입,학력무관,,
㈜화인코왁,경력,학력무관,,
테크빌교육㈜,경력 (8년이상),학력무관,"성실성, 꼼꼼함, 협동심",
㈜포커스에이치엔에스,경력 (3년이상),대졸이상 (졸업예정자 가능),,"C, C++, Qt, Windows, macOS"
㈜에스엠테크,경력 (2년이상),대졸이상,"성실성, 윤리의식, 창의성, 협동심, 꼼꼼함, 계획성","API, ASP"
㈜자이언트스텝,경력,학력무관,,"C++, Python, Tensorflow, Numpy"
디앤샤인,경력,초대졸이상 (졸업예정자 가능),"성실성, 윤리의식, 창의성, 협동심, 꼼꼼함","Arduino, AWS, Keras, Python, Tensorflow"
㈜케이솔루션즈,경력,학력무관,"성실성, 협동심, 계획성, 적응성","Python, Pytorch, SQL, Tensorflow, CNN, JSON"
슈프리마,경력 (10년이상),대학원(석사)이상,,
㈜에어패스,신입,대졸이상,"꼼꼼함, 계획성, 성장지향성, 성실성, 성취지향성, 적응성, 창의성, 협동심","API, AWS, C#, Docker, JAVA, Keras, OpenCV, Python, Pytorch, Tensorflow"
㈜아이옵스,신입,대졸이상 (졸업예정자 가능),,"Python, Pytorch, Tensorflow, DL, ml"
엠클라우드브리지㈜,신입,대졸이상 (졸업예정자 가능),,"AWS, Azure, Python, Pytorch, Spark, SQL, Tensorflow"
㈜미니레코드,경력 (1년이상),학력무관,,"Docker, Python, Pytorch, Linux, GitHub"
㈜유니아이,경력,학력무관,"협동심, 성취지향성, 창의성","C#, WPF"
㈜제이엘케이,경력,대학원(석사)이상 (졸업예정자 가능),,"C, C++, Python"
바이플㈜,경력 (2년이상),대졸이상,"윤리의식, 적응성, 성장지향성, 메타인지, 성취지향성, 스트레스관리","Pytorch, NLP, yolo, 챗GPT"
㈜와에이아이,경력 (3년이상),초대졸이상,"성실성, 적응성, 협동심, 꼼꼼함","C#, ECMAscript, Git, JAVA, Javascript, Kotlin, MongoDB, Node"
㈜네피리티,신입,학력무관,,Python
디엑스솔루션㈜,신입,초대졸이상,,
㈜클라모스,경력 6년이상,대학원(석사)이상,,"Docker, Flask, Python, RestAPI, Tensorflow, Ubuntu, Fastapi, Container, tytorch"
㈜새론솔루션,신입,학력무관,,"Hadoop, JAVA, Python, R, SQL, Tensorflow"
㈜새론솔루션,경력 (3년이상),학력무관,,"Hadoop, JAVA, Python, R, SQL, Tensorflow"
㈜한컴케어링크,경력 (3년이상),대졸이상,,"Tensorflow, Keras, Pythor"
한국치매협회,경력,대학원(석사)이상,,"Python, SQL, ADsP 자격, CNN, 머신러닝, 프로그래밍, 인공지능, 딥러닝, 기계번역, 데이터 수집 및 정제"
㈜인스펙터,경력 (5년이상),초대졸이상,"꼼꼼함, 협동심, 성장지향성, 적응성, 계획성","API, Docker, Git, JAVA, MariaDB, MySQL, OracleDB, Python, Spring, SQL"
브이아이,신입,초대졸이상 (졸업예정자 가능),"성실성, 창의성, 협동심, 성장지향성, 계획성, 성취지향성, 꼼꼼함, 윤리의식, 자존감, 적응성",
브랜드 인게이지먼트 네트워크 인크 (,경력,대졸이상,,"Docker, Swift, 영어, 영어회화, gRPC, MQ, WebSocket, 기계학습, Apache Kafka, Kubernetix"
㈜티쓰리엔터테인먼트,경력,학력무관,,
㈜아이브릭스,경력 (3년이상),학력무관,,"ElasticStack, JAVA, Javascript, Spring, nodejs"
㈜아이브릭스,경력 (3년이상),학력무관,,"ElasticStack, JAVA, Javascript, Spring, nodejs"
"㈜에스티씨랩(STCLab.co.,Ltd.)",경력 (3년이상),학력무관,,
㈜엠티이지,경력,초대졸이상 (졸업예정자 가능),"성실성, 성취지향성, 성장지향성, 계획성, 꼼꼼함","Python, Pytorch"
스피치로그㈜,신입,초대졸이상,"계획성, 창의성, 성실성, 성취지향성, 꼼꼼함, 윤리의식","Hadoop, JAVA, Python, Scala, SQL, Hive, Airflow, Apache Flume, Apache Impala, AWS Redshift"
㈜에스온시스템,경력,초대졸이상,"계획성, 꼼꼼함, 적응성, 협동심",JAVA
㈜유투에스알,경력,학력무관,,"C#, C++, MFC, Python, Pytorch, Tensorflow"
㈜위존 강남사업장,경력,학력무관,,
지엔소프트㈜,경력,대졸이상,"계획성, 성실성, 협동심, 스트레스관리, 자존감","C#, OpenCV, Python, NLP, yolo"
이젠아카데미컴퓨터학원,경력,초대졸이상,,
㈜라피치,경력,대학원(석사)이상,,
알피니언메디칼시스템㈜,신입,대졸이상,,
㈜인텔리즈,경력,초대졸이상 (졸업예정자 가능),"꼼꼼함, 적응성, 협동심, 메타인지, 성장지향성, 스트레스관리, 계획성, 성실성","C#, Python, VIsualC·C++"
㈜마젠타로보틱스,경력,대졸이상,,"Python, ROS"
㈜이디코어,신입,대졸이상,,"C# JAVA, 모델러 ( 반도체, 디스플레이 공정 경험자), 통계분석경험자, EES 경험자"
㈜아이알에스소프트코리아,경력 (5년이상),학력무관,,"JAVA, Keras, MariaDB, Pytorch, Tensorflow, 전자정부표준프레임워크"
에너자이,경력,대졸이상,,"Python, Pytorch, Ai, 최적화"
㈜써로마인드,경력 (2년이상),학력무관,,"OpenCV, Pytorch, Tensorflow, Scikit-Learn"
㈜시스트란,신입,대졸이상 (졸업예정자 가능),"계획성, 성장지향성, 협동심","Docker, Kafka, Logstash, Pandas, Python, Pytorch, Tensorflow, Linux, Elasticsearch"
㈜셀빅,경력,대학원(석사)이상 (졸업예정자 가능),"창의성, 성장지향성, 적응성","AR, Python, Unity, 영상처리, 인공지능, opencv"
㈜바이트사이즈,경력,대졸이상 (졸업예정자 가능),"성취지향성, 창의성, 메타인지, 성장지향성, 꼼꼼함, 계획성, 성실성",
㈜디케이앤트,신입,학력무관,"계획성, 성실성, 성장지향성, 성취지향성, 협동심",
㈜한국금융아이티,신입,대학원(석사)이상 (졸업예정자 가능),,
㈜바이온테크,경력,학력무관,,"C#, C++, MFC, OpenCV, Euresys 라이브러리 사용 가능자"
모빌테크,신입,대졸이상,,"C, C++, Linux"
㈜브릭,경력 (5년이상),대졸이상 (졸업예정자 가능),,"Python, R"
오투오,경력,대학원(석사)이상 (졸업예정자 가능),"성실성, 협동심, 성취지향성","Python, Github, GPT"
㈜시스윈모빌리티,신입,대졸이상,,"C#, C++, Visual Studio, Linux"
㈜시스윈모빌리티,경력 (2년이상),대졸이상,,"C, C#, C++, OpenCV, Python, Halcon, Mil"
브이젠㈜,경력 (3년이상),대졸이상,"계획성, 성실성, 협동심, 성장지향성","AWS, Azure, Docker, GCP, kubernetes, NoSQL, Python, RDBMS, Scala, Spark"
Upstage,경력 (1년이상),대학원(석사)이상,,"C++, Python, Pytorch, Tensorflow"
Upstage,경력 (3년이상),학력무관,,"Pytorch, Tensorflow"
Upstage,경력 (5년이상),학력무관,,"AWS, Azure, GCP, kubernetes, Linux"
㈜와따에이아이,경력 (1년이상),초대졸이상,,"C#, C++, OpenCV, Python, R, Rust"
시티아이랩㈜,경력,학력무관,,"Flutter, OpenCV, Python, Scipy, Tensorflow, Nginx, Numpy, fast-api, tkinter&PyQt"
㈜스탠스,경력 직무별 상이,대졸이상 직무별 상이,"계획성, 성실성, 꼼꼼함","C++, Git, JAVA, Jira, Jquery, NoSQL, Pytorch, RDBMS, React, Spring Boot, Tensorflow, Vue"
㈜에이젠글로벌,경력 (3년이상),대졸이상,,
㈜씨엘모빌리티,경력 (3년이상),학력무관,"계획성, 꼼꼼함, 성장지향성, 적응성, 창의성","C#, C++, GoLang, Python, Ai, 머신러닝, 딥러닝"
슈프리마,경력 (2년이상),대졸이상,,
㈜ 제이시스,신입,대졸이상,,"ArcGIS, CSS, HTML, JAVA, Javascript, Python, QGIS, PowerPoint, OA, 컴퓨터활용능력"
㈜리콘랩스,경력,대학원(석사)이상,,
웨이센,경력 (5년이상),대졸이상,,"Python, Pytorch, Tensorflow"
씨드로닉스㈜,경력 (3년이상),대학원(석사)이상,"계획성, 성실성, 협동심, 꼼꼼함, 윤리의식","C, C++, OpenCV"
㈜소프트웨어품질공학센터,경력,학력무관,,
㈜트루엔,경력,학력무관,,
㈜트루엔,경력 (3년이상),대학원(석사)이상,,
㈜디지털조이,경력,학력무관,,
㈜이노포스트,신입,대졸이상,,"Hadoop, SQL, BigQuery, DBMS, JSON, 정보처리기사 자격"
㈜이노포스트,신입,대졸이상,,"Python, Pytorch, Tensorflow, Scikit-Learn"
㈜코드랩이앤티,경력,대졸이상 (졸업예정자 가능),,"API, AWS, Docker, Git, JAVA, JPA, MariaDB, MongoDB, MSA"
㈜코드랩이앤티,경력 (2년이상),대졸이상,,"API, AWS, Docker, Git, JAVA, JPA, MariaDB, MongoDB, MSA"
㈜에이젠코어,경력 (3년이상),대졸이상,"계획성, 성실성, 창의성","JAVA, Matlab, Python, SQL"
메디웨일,신입,학력무관,,"Python, Pytorch, Tensorflow, Lightning"
㈜에이아이에코젠랩(AIEcoG,경력,대졸이상 (졸업예정자 가능),"성실성, 적응성, 계획성, 꼼꼼함","C++, Python, Pytorch, Tensorflow, Tableau"
애드인에듀,경력,학력무관,"계획성, 협동심, 성장지향성, 성실성, 꼼꼼함","AWS, Docker, Spring Boot, Notion, GitHub, 머신러닝, React"
데이터마케팅코리아,경력 (3년이상),초대졸이상,"협동심, 성장지향성, 성실성, 창의성","CSS, Django, Flask, HTML, PostgreSQL, Python, Fastapi, LLM"
데이터마케팅코리아,경력 (3년이상),초대졸이상,"협동심, 성장지향성, 성실성, 창의성","Azure, GCP, Javascript, PostgreSQL, Python, AWS EKS, BigQuery, Bitbucket"
바이오커넥트,경력,학력무관,,"C++, OpenCV, Python, DL"
㈜에니트,경력 (3년이상),대졸이상,,"Ajax, C, C#, C++, HTML, JSP, Python, SQL, Tensorflow"
㈜하가,경력,대졸이상,,
㈜딥인스펙션,경력 (3년이상),대졸이상,,"C++, Python"
㈜엘로이랩,경력,대졸이상,"꼼꼼함, 성장지향성, 성실성, 성취지향성",
딥브레인 AI,신입,대학원(석사)이상,,"C, C#, C++, JAVA, Python, C++Builder"
에너자이,경력,학력무관,,"Keras, Python, Pytorch, Tensorflow, NAS, network compression"
딥브레인 AI,신입,대졸이상,,
㈜좋은정보기술,신입,대졸이상 (졸업예정자 가능),,"Hadoop, Kafka, NoSQL, Python, R, Spark, Nifi, MML, 생성 AI"
㈜아이넷캅,신입,대졸이상 (졸업예정자 가능),,"Python, R"
㈜쿼리시스템즈,경력 (5년이상),학력무관,,
㈜미래기후,경력,대졸이상 (졸업예정자 가능),"협동심, 성장지향성, 적응성","Python, Fortran"
㈜파비스,경력,학력무관,"계획성, 성실성, 꼼꼼함, 적응성, 창의성, 협동심","C#, C++, 영어회화, 1종보통운전면허, 2종보통운전면허, 운전면허, 컴퓨터활용능력"
㈜씨프로,경력,대졸이상 (졸업예정자 가능),,"C, C++, 임베디드리눅스, Linux Application, bsp kernel"
㈜비글즈,경력 (5년이상),학력무관,,
㈜볼링원,경력,대졸이상 (졸업예정자 가능),,"JAVA, Node"
디딤365㈜,경력 (2년이상),초대졸이상,,"Python, Window, Linux"
㈜블루타일랩,신입,대졸이상,,"C#, C++, MFC, OpenCV, Qt, Halcon, Mil"
㈜아이케이랩 (IKLAB Inc.),경력,대학원(석사)이상 (졸업예정자 가능),,"C, C++, Pytorch"
몬드리안에이아이,경력 (2년이상),대졸이상,,"Javascript, React, TypeScript, Webpack, styled-components, vite, 인공지능, React Query, Ant Design"
㈜엑스큐어넷,경력 (4년이상),초대졸이상,,
㈜한화,경력 (4년이상),대졸이상,,"Hadoop, Keras, MongoDB, NoSQL, Python, Pytorch, SQL, Tensorflow, Apache Cassandra"
㈜더캐리,신입,대졸이상 (졸업예정자 가능),,"Flutter, JAVA, Oracle, Python, React, TypeScript, Figma, Next"
비바이노베이션,경력 (2년이상),대졸이상,,
㈜브이알크루,경력 (2년이상),대학원(석사)이상,,
㈜브이알크루,경력 (5년이상),대학원(박사)이상,,
㈜에스에이치엘에이비,신입,대졸이상 (졸업예정자 가능),,"Keras, Python, Pytorch, Tensorflow, 라즈베리파이"
제이에스엘인재개발원㈜,경력,학력무관,,일본어
에이치디현대㈜,신입,대졸이상,,
삼성전자㈜,경력,,,
삼성전자㈜,경력,,,
삼성전자㈜,경력,,,
삼성전자㈜,경력,,,
삼성전자㈜,경력,,,
삼성전자㈜,경력,,,
삼성전자㈜,경력,,,
삼성전자㈜,경력,,,
삼성전자㈜,경력,,,
엘지이노텍,신입,대학원(석사)이상 (졸업예정자 가능),,
양정인력개발센터,신입,학력무관,"계획성, 성취지향성, 꼼꼼함","Bootstrap, CSS3, Git, HTML, JAVA, Javascript, Jquery, JSP, MySQL, Pandas, Python, React, Servlet, Spring, ERP, 무역영어, GitHub, Matplotlib, Numpy, 국제무역사 자격"
플레이리스트,경력,학력무관,,
쎄트렉아이,경력,대졸이상,,
삼성전자㈜,경력,,,
㈜이스트소프트,신입,학력무관,"계획성, 꼼꼼함, 성실성",
한국ICT인재개발원,신입,고졸이상,,"AWS, Git, Hadoop, JAVA, MyBatis, MySQL, OracleDB, Python, Spring, Spring Boot"
코맥스,경력,대졸이상,,
코맥스,경력,학력무관,,
코맥스,경력,초대졸이상,,
코맥스,경력,학력무관,,
코맥스,신입,대학원(석사)이상,,
코맥스,경력,대학원(석사)이상,,
코맥스,경력,대학원(석사)이상,,
코맥스,신입,학력무관,,
㈜이스트소프트,경력,학력무관,,"Python, UI, UX, 기업 교육, 디지털 교육"
대한상공회의소 서울기술교육센터,신입,학력무관,"계획성, 성취지향성, 꼼꼼함","Android, C#, HMI, JPA, OpenCV, Spring, SQL, ARM, AVR, JSTL, JWT, PLC, JUnit, IoT, 임베디드 시스템, 웹서버, alot, 인텔엣지"
엘지유플러스,경력,대졸이상,,
한국스마트정보교육원,경력,학력무관,,"Ajax, CSS, HMI, HTML, JAVA, Javascript, JSP, MySQL, Oracle, SQL, 어셈블리"
LG에너지솔루션,신입,대학원(석사)이상 (졸업예정자 가능),,
LG에너지솔루션,신입,대학원(석사)이상 (졸업예정자 가능),,
LG에너지솔루션,신입,대학원(석사)이상 (졸업예정자 가능),,
LG에너지솔루션,신입,대학원(석사)이상 (졸업예정자 가능),,
LG에너지솔루션,신입,대학원(석사)이상 (졸업예정자 가능),,
LG에너지솔루션,신입,대학원(석사)이상 (졸업예정자 가능),,
LG에너지솔루션,신입,대학원(석사)이상 (졸업예정자 가능),,
LG에너지솔루션,신입,대학원(석사)이상 (졸업예정자 가능),,
LG에너지솔루션,신입,대학원(석사)이상 (졸업예정자 가능),,
LG에너지솔루션,신입,대학원(석사)이상 (졸업예정자 가능),,
LG에너지솔루션,신입,대학원(석사)이상 (졸업예정자 가능),,
㈜이스트소프트,경력 (5년이상),대졸이상,"성실성, 적응성, 계획성, 꼼꼼함","Jira, Figma, Amplitude, AppsFlyer, GTM, GA, powerBI"
씨에이치솔루션㈜,경력,학력무관,,
비전잡,경력 (7년이상),대졸이상,,"C, C++"
㈜비전잡,경력,초대졸이상,,
㈜그린피플,경력,학력무관,,
㈜에이유이,신입,대졸이상 (졸업예정자 가능),,"C#, C++, OpenCV, Python"
나이스지니데이타㈜,경력 (3년이상),대졸이상,,"의사소통, 문제해결"
㈜와이즈교육,경력,초대졸이상,,
㈜스피링크,경력 (2년이상),학력무관,,
㈜에이치앤엘시스템,경력 (10년이상),학력무관,,Python
휴먼인포텍,경력 (7년이상),학력무관,,"Ai, 챗봇, 데이터 전처리, 프롬프트 엔지니어"
㈜에이치앤티아웃소싱시스템,경력,고졸이상,,"Excel, OA"
미디어윌네트웍스,경력 (10년이상),대졸이상,,
㈜유베이스,경력,학력무관,,
중앙정보기술인재개발원 중앙정보처리학원,신입,학력무관,,"JAVA, 디버깅"
(주)글로벌아카데미,경력,학력무관,"성실성, 적응성, 협동심, 성장지향성, 윤리의식, 계획성","Google Analytics, JAVA, Python, Spring, RPA"
(주)글로벌아카데미,경력,학력무관,"성실성, 적응성, 협동심, 성장지향성, 윤리의식, 계획성","RPA, LowCode, Chat GPT4, outsystems"
동대문여성인력개발센터,신입,초대졸이상,,
㈜글로벌인,경력,고졸이상 (졸업예정자 가능),"계획성, 성취지향성, 꼼꼼함","일본어, JLPT, JPT"
메타빌드㈜,경력,학력무관,,
㈜스피링크,경력,학력무관,,"Excel, 구글 스프레드시트"
㈜스피링크,경력 (5년이상),학력무관,,"JAVA, Javascript, Python, React, RestAPI, Cloud, GUI, 백엔드, 프론트엔드, 챗봇"
㈜스피링크,경력 (3년이상),대졸이상,,"NoSQL, Python, Pytorch, Tensorflow, Cloud, NLU, NLP, LLM, Langchain, LlamaIndex"
㈜스피링크,경력 (3년이상),대졸이상,,
㈜올윈에듀,경력 (5년이상),대졸이상,"창의성, 협동심, 성장지향성, 계획성",
㈜브이알크루기업정보,신입,학력무관,,
